r,k,l,attack_beats_colonize,colonize_beats_defend,defend_beats_attack,min_margin,cycle_holds
0.4000,1.0000,0.0000,1.000000,0.250292,-1.000000,-1.000000,0
0.4000,1.0000,0.0500,1.000000,0.249991,-1.000000,-1.000000,0
0.4000,1.0000,0.1000,1.000000,0.249914,-1.000000,-1.000000,0
0.4000,1.0000,0.1500,1.000000,0.249880,-1.000000,-1.000000,0
0.4000,1.0000,0.2000,1.000000,0.249856,-0.745224,-0.745224,0
0.4000,1.0000,0.2500,1.000000,0.249837,-0.952783,-0.952783,0
0.4000,1.0000,0.3000,1.000000,0.249822,-1.000000,-1.000000,0
0.4000,1.0000,0.3500,1.000000,0.249809,-0.526866,-0.526866,0
0.4000,1.0000,0.4000,1.000000,0.249798,-0.362874,-0.362874,0
0.4000,1.0000,0.4500,1.000000,0.249788,-0.300935,-0.300935,0
0.4000,1.2500,0.0000,1.000000,0.249910,-1.000000,-1.000000,0
0.4000,1.2500,0.0500,1.000000,0.249880,-1.000000,-1.000000,0
0.4000,1.2500,0.1000,1.000000,0.249859,-0.952725,-0.952725,0
0.4000,1.2500,0.1500,1.000000,0.249841,-0.809556,-0.809556,0
0.4000,1.2500,0.2000,1.000000,0.249827,-0.916518,-0.916518,0
0.4000,1.2500,0.2500,1.000000,0.249814,-0.750795,-0.750795,0
0.4000,1.2500,0.3000,1.000000,0.249804,-0.384126,-0.384126,0
0.4000,1.2500,0.3500,1.000000,0.249794,-0.025580,-0.025580,0
0.4000,1.2500,0.4000,1.000000,0.249786,-0.210596,-0.210596,0
0.4000,1.2500,0.4500,1.000000,0.249779,-0.212014,-0.212014,0
0.4000,1.5000,0.0000,1.000000,0.249864,-1.000000,-1.000000,0
0.4000,1.5000,0.0500,1.000000,0.249847,-1.000000,-1.000000,0
0.4000,1.5000,0.1000,1.000000,0.249833,-0.809259,-0.809259,0
0.4000,1.5000,0.1500,1.000000,0.249821,-0.809091,-0.809091,0
0.4000,1.5000,0.2000,1.000000,0.249810,-0.747561,-0.747561,0
0.4000,1.5000,0.2500,1.000000,0.249801,-0.193662,-0.193662,0
0.4000,1.5000,0.3000,1.000000,0.249793,-0.624507,-0.624507,0
0.4000,1.5000,0.3500,1.000000,0.249785,-0.063098,-0.063098,0
0.4000,1.5000,0.4000,1.000000,0.249779,0.021679,0.021679,0
0.4000,1.5000,0.4500,0.673483,0.249773,-0.004336,-0.004336,0
0.4000,1.7500,0.0000,1.000000,0.249840,-0.670087,-0.670087,0
0.4000,1.7500,0.0500,1.000000,0.249828,-0.733181,-0.733181,0
0.4000,1.7500,0.1000,1.000000,0.249817,-0.925859,-0.925859,0
0.4000,1.7500,0.1500,1.000000,0.249808,-0.672005,-0.672005,0
0.4000,1.7500,0.2000,1.000000,0.249799,-0.314354,-0.314354,0
0.4000,1.7500,0.2500,1.000000,0.249792,-0.022411,-0.022411,0
0.4000,1.7500,0.3000,1.000000,0.249785,-0.146354,-0.146354,0
0.4000,1.7500,0.3500,1.000000,0.249779,-0.009798,-0.009798,0
0.4000,1.7500,0.4000,0.570086,0.249774,-0.106096,-0.106096,0
0.4000,1.7500,0.4500,0.084738,0.249769,0.000728,0.000728,0
0.4000,2.0000,0.0000,1.000000,0.249825,-0.727786,-0.727786,0
0.4000,2.0000,0.0500,1.000000,0.249815,-0.732974,-0.732974,0
0.4000,2.0000,0.1000,1.000000,0.249807,-0.474783,-0.474783,0
0.4000,2.0000,0.1500,1.000000,0.249799,-0.259444,-0.259444,0
0.4000,2.0000,0.2000,1.000000,0.249792,-0.262420,-0.262420,0
0.4000,2.0000,0.2500,1.000000,0.249786,-0.019392,-0.019392,0
0.4000,2.0000,0.3000,0.816469,0.249780,-0.061088,-0.061088,0
0.4000,2.0000,0.3500,0.413850,0.249775,0.164272,0.164272,1
0.4000,2.0000,0.4000,-0.024993,0.249770,0.074622,-0.024993,0
0.4000,2.0000,0.4500,-0.053699,0.249766,0.031904,-0.053699,0
0.4000,2.2500,0.0000,1.000000,0.249814,-0.651780,-0.651780,0
0.4000,2.2500,0.0500,1.000000,0.249806,-0.440151,-0.440151,0
0.4000,2.2500,0.1000,1.000000,0.249799,-0.216368,-0.216368,0
0.4000,2.2500,0.1500,1.000000,0.249793,0.072091,0.072091,1
0.4000,2.2500,0.2000,0.940943,0.249787,-0.166429,-0.166429,0
0.4000,2.2500,0.2500,0.587089,0.249781,-0.079773,-0.079773,0
0.4000,2.2500,0.3000,0.223326,0.249776,-0.123339,-0.123339,0
0.4000,2.2500,0.3500,0.038822,0.249772,-0.076452,-0.076452,0
0.4000,2.2500,0.4000,-0.031049,0.249768,0.192194,-0.031049,0
0.4000,2.2500,0.4500,-0.388661,0.249764,0.044407,-0.388661,0
0.4000,2.5000,0.0000,1.000000,0.249806,-0.637995,-0.637995,0
0.4000,2.5000,0.0500,1.000000,0.249800,-0.332717,-0.332717,0
0.4000,2.5000,0.1000,1.000000,0.249793,0.145057,0.145057,1
0.4000,2.5000,0.1500,0.897804,0.249787,-0.079735,-0.079735,0
0.4000,2.5000,0.2000,0.461752,0.249782,-0.041008,-0.041008,0
0.4000,2.5000,0.2500,0.034296,0.249777,0.005883,0.005883,0
0.4000,2.5000,0.3000,-0.250878,0.249773,0.046403,-0.250878,0
0.4000,2.5000,0.3500,-0.073459,0.249769,0.065151,-0.073459,0
0.4000,2.5000,0.4000,-0.397447,0.249765,0.316427,-0.397447,0
0.4000,2.5000,0.4500,-0.332134,0.249762,0.074713,-0.332134,0
0.4000,2.7500,0.0000,1.000000,0.249800,-0.158341,-0.158341,0
0.4000,2.7500,0.0500,1.000000,0.249794,0.045131,0.045131,0
0.4000,2.7500,0.1000,0.737661,0.249788,-0.002531,-0.002531,0
0.4000,2.7500,0.1500,0.453737,0.249783,-0.136275,-0.136275,0
0.4000,2.7500,0.2000,0.068356,0.249779,0.032146,0.032146,0
0.4000,2.7500,0.2500,-0.276964,0.249774,0.175630,-0.276964,0
0.4000,2.7500,0.3000,-0.432181,0.249771,0.158768,-0.432181,0
0.4000,2.7500,0.3500,-0.394404,0.249767,0.023871,-0.394404,0
0.4000,2.7500,0.4000,-0.299005,0.249763,0.234247,-0.299005,0
0.4000,2.7500,0.4500,-0.342107,0.249761,0.119194,-0.342107,0
0.4000,3.0000,0.0000,1.000000,0.249795,-0.094053,-0.094053,0
0.4000,3.0000,0.0500,0.721856,0.249789,0.074331,0.074331,1
0.4000,3.0000,0.1000,0.258304,0.249785,0.209239,0.209239,1
0.4000,3.0000,0.1500,-0.035749,0.249780,-0.045522,-0.045522,0
0.4000,3.0000,0.2000,-0.244855,0.249776,-0.032599,-0.244855,0
0.4000,3.0000,0.2500,-0.390287,0.249772,0.153235,-0.390287,0
0.4000,3.0000,0.3000,-0.395814,0.249768,0.034724,-0.395814,0
0.4000,3.0000,0.3500,-0.345991,0.249765,0.053904,-0.345991,0
0.4000,3.0000,0.4000,-0.398005,0.249762,0.072302,-0.398005,0
0.4000,3.0000,0.4500,-0.342054,0.249759,0.130252,-0.342054,0
0.6000,1.0000,0.0000,1.000000,0.167239,-1.000000,-1.000000,0
0.6000,1.0000,0.0500,1.000000,0.167255,-1.000000,-1.000000,0
0.6000,1.0000,0.1000,1.000000,0.249905,-1.000000,-1.000000,0
0.6000,1.0000,0.1500,1.000000,0.249908,-0.875645,-0.875645,0
0.6000,1.0000,0.2000,1.000000,0.249908,-0.682199,-0.682199,0
0.6000,1.0000,0.2500,1.000000,0.249907,-0.857734,-0.857734,0
0.6000,1.0000,0.3000,1.000000,0.249905,-0.368854,-0.368854,0
0.6000,1.0000,0.3500,1.000000,0.249903,-0.326208,-0.326208,0
0.6000,1.0000,0.4000,1.000000,0.249902,0.010466,0.010466,0
0.6000,1.0000,0.4500,1.000000,0.249900,-0.002060,-0.002060,0
0.6000,1.2500,0.0000,1.000000,0.249906,-1.000000,-1.000000,0
0.6000,1.2500,0.0500,1.000000,0.249908,-1.000000,-1.000000,0
0.6000,1.2500,0.1000,1.000000,0.249908,-1.000000,-1.000000,0
0.6000,1.2500,0.1500,1.000000,0.249907,-1.000000,-1.000000,0
0.6000,1.2500,0.2000,1.000000,0.249906,-0.316645,-0.316645,0
0.6000,1.2500,0.2500,1.000000,0.249904,-0.139978,-0.139978,0
0.6000,1.2500,0.3000,1.000000,0.249903,0.102890,0.102890,1
0.6000,1.2500,0.3500,1.000000,0.249901,0.267252,0.249901,1
0.6000,1.2500,0.4000,1.000000,0.249900,0.134836,0.134836,1
0.6000,1.2500,0.4500,1.000000,0.249899,0.107369,0.107369,1
0.6000,1.5000,0.0000,1.000000,0.249908,-0.749554,-0.749554,0
0.6000,1.5000,0.0500,1.000000,0.249908,-0.670235,-0.670235,0
0.6000,1.5000,0.1000,1.000000,0.249907,-0.397974,-0.397974,0
0.6000,1.5000,0.1500,1.000000,0.249905,-0.661881,-0.661881,0
0.6000,1.5000,0.2000,1.000000,0.249904,0.046698,0.046698,0
0.6000,1.5000,0.2500,1.000000,0.249902,0.223853,0.223853,1
0.6000,1.5000,0.3000,1.000000,0.249901,0.257404,0.249901,1
0.6000,1.5000,0.3500,1.000000,0.249900,0.197980,0.197980,1
0.6000,1.5000,0.4000,1.000000,0.249899,0.150869,0.150869,1
0.6000,1.5000,0.4500,0.817711,0.249898,-0.005540,-0.005540,0
0.6000,1.7500,0.0000,1.000000,0.249907,-0.702425,-0.702425,0
0.6000,1.7500,0.0500,1.000000,0.249906,-0.119762,-0.119762,0
0.6000,1.7500,0.1000,1.000000,0.249905,-0.319382,-0.319382,0
0.6000,1.7500,0.1500,1.000000,0.249904,0.200980,0.200980,1
0.6000,1.7500,0.2000,1.000000,0.249903,0.185342,0.185342,1
0.6000,1.7500,0.2500,1.000000,0.249901,0.192337,0.192337,1
0.6000,1.7500,0.3000,1.000000,0.249900,0.265687,0.249900,1
0.6000,1.7500,0.3500,0.824515,0.249899,0.099012,0.099012,1
0.6000,1.7500,0.4000,0.436747,0.249898,0.169145,0.169145,1
0.6000,1.7500,0.4500,0.114574,0.249897,0.063117,0.063117,1
0.6000,2.0000,0.0000,1.000000,0.249906,-0.292222,-0.292222,0
0.6000,2.0000,0.0500,1.000000,0.249905,-0.046753,-0.046753,0
0.6000,2.0000,0.1000,1.000000,0.249904,0.159483,0.159483,1
0.6000,2.0000,0.1500,1.000000,0.249903,0.224445,0.224445,1
0.6000,2.0000,0.2000,1.000000,0.249901,0.265997,0.249901,1
0.6000,2.0000,0.2500,0.697871,0.249900,0.168202,0.168202,1
0.6000,2.0000,0.3000,0.659391,0.249899,0.151933,0.151933,1
0.6000,2.0000,0.3500,0.289521,0.249898,0.218715,0.218715,1
0.6000,2.0000,0.4000,0.031017,0.249897,0.202729,0.031017,0
0.6000,2.0000,0.4500,-0.091636,0.249896,0.135884,-0.091636,0
0.6000,2.2500,0.0000,1.000000,0.249905,0.011852,0.011852,0
0.6000,2.2500,0.0500,1.000000,0.249904,-0.206540,-0.206540,0
0.6000,2.2500,0.1000,1.000000,0.249903,0.239072,0.239072,1
0.6000,2.2500,0.1500,1.000000,0.249902,0.254406,0.249902,1
0.6000,2.2500,0.2000,0.585536,0.249901,0.097871,0.097871,1
0.6000,2.2500,0.2500,0.426311,0.249899,0.150407,0.150407,1
0.6000,2.2500,0.3000,0.095530,0.249899,0.117236,0.095530,1
0.6000,2.2500,0.3500,0.035409,0.249898,0.181747,0.035409,0
0.6000,2.2500,0.4000,-0.201233,0.249897,0.009010,-0.201233,0
0.6000,2.2500,0.4500,-0.373933,0.249896,0.009108,-0.373933,0
0.6000,2.5000,0.0000,1.000000,0.249904,0.148971,0.148971,1
0.6000,2.5000,0.0500,1.000000,0.249903,0.294421,0.249903,1
0.6000,2.5000,0.1000,0.849995,0.249902,0.193063,0.193063,1
0.6000,2.5000,0.1500,0.505744,0.249901,0.268292,0.249901,1
0.6000,2.5000,0.2000,0.331121,0.249900,0.235986,0.235986,1
0.6000,2.5000,0.2500,-0.051998,0.249899,0.137561,-0.051998,0
0.6000,2.5000,0.3000,0.084975,0.249898,0.127938,0.084975,1
0.6000,2.5000,0.3500,-0.225228,0.249897,0.111383,-0.225228,0
0.6000,2.5000,0.4000,-0.375766,0.249896,0.022382,-0.375766,0
0.6000,2.5000,0.4500,-0.362421,0.249896,-0.013170,-0.362421,0
0.6000,2.7500,0.0000,1.000000,0.249903,0.204101,0.204101,1
0.6000,2.7500,0.0500,0.767800,0.249902,0.224675,0.224675,1
0.6000,2.7500,0.1000,0.644473,0.249901,0.153379,0.153379,1
0.6000,2.7500,0.1500,0.103271,0.249900,0.158370,0.103271,1
0.6000,2.7500,0.2000,-0.037819,0.249899,0.311221,-0.037819,0
0.6000,2.7500,0.2500,-0.295491,0.249898,0.148738,-0.295491,0
0.6000,2.7500,0.3000,-0.151512,0.249897,0.160991,-0.151512,0
0.6000,2.7500,0.3500,-0.345959,0.249897,0.153637,-0.345959,0
0.6000,2.7500,0.4000,-0.332469,0.249896,0.043488,-0.332469,0
0.6000,2.7500,0.4500,-0.376239,0.249895,-0.011147,-0.376239,0
0.6000,3.0000,0.0000,0.635992,0.249902,0.238349,0.238349,1
0.6000,3.0000,0.0500,0.538921,0.249902,0.253133,0.249902,1
0.6000,3.0000,0.1000,0.068157,0.249901,0.161416,0.068157,1
0.6000,3.0000,0.1500,0.009276,0.249900,0.192328,0.009276,0
0.6000,3.0000,0.2000,-0.253887,0.249899,0.147336,-0.253887,0
0.6000,3.0000,0.2500,-0.352273,0.249898,0.261151,-0.352273,0
0.6000,3.0000,0.3000,-0.305213,0.249897,0.205096,-0.305213,0
0.6000,3.0000,0.3500,-0.350083,0.249897,0.184430,-0.350083,0
0.6000,3.0000,0.4000,-0.355990,0.249896,0.115045,-0.355990,0
0.6000,3.0000,0.4500,-0.408666,0.249895,-0.021691,-0.408666,0
0.8000,1.0000,0.0000,1.000000,0.167297,-0.749795,-0.749795,0
0.8000,1.0000,0.0500,1.000000,0.167297,-0.749683,-0.749683,0
0.8000,1.0000,0.1000,1.000000,0.167296,-1.000000,-1.000000,0
0.8000,1.0000,0.1500,1.000000,0.167295,-1.000000,-1.000000,0
0.8000,1.0000,0.2000,1.000000,0.167295,-0.824279,-0.824279,0
0.8000,1.0000,0.2500,1.000000,0.167294,-1.000000,-1.000000,0
0.8000,1.0000,0.3000,1.000000,0.167294,-0.147747,-0.147747,0
0.8000,1.0000,0.3500,1.000000,0.167293,0.107192,0.107192,1
0.8000,1.0000,0.4000,1.000000,0.167293,-0.194209,-0.194209,0
0.8000,1.0000,0.4500,1.000000,0.167292,-0.250124,-0.250124,0
0.8000,1.2500,0.0000,1.000000,0.167297,-0.916914,-0.916914,0
0.8000,1.2500,0.0500,1.000000,0.167297,-1.000000,-1.000000,0
0.8000,1.2500,0.1000,1.000000,0.167296,-1.000000,-1.000000,0
0.8000,1.2500,0.1500,1.000000,0.167295,-0.503578,-0.503578,0
0.8000,1.2500,0.2000,1.000000,0.167295,-0.190153,-0.190153,0
0.8000,1.2500,0.2500,1.000000,0.167294,0.247512,0.167294,1
0.8000,1.2500,0.3000,1.000000,0.167294,-0.299092,-0.299092,0
0.8000,1.2500,0.3500,1.000000,0.167293,-0.146171,-0.146171,0
0.8000,1.2500,0.4000,1.000000,0.167293,0.136411,0.136411,1
0.8000,1.2500,0.4500,1.000000,0.167292,0.036671,0.036671,0
0.8000,1.5000,0.0000,1.000000,0.167297,-0.306383,-0.306383,0
0.8000,1.5000,0.0500,1.000000,0.167297,-0.305954,-0.305954,0
0.8000,1.5000,0.1000,1.000000,0.167296,0.173131,0.167296,1
0.8000,1.5000,0.1500,1.000000,0.167295,0.250167,0.167295,1
0.8000,1.5000,0.2000,1.000000,0.167295,0.239159,0.167295,1
0.8000,1.5000,0.2500,1.000000,0.167294,0.014212,0.014212,0
0.8000,1.5000,0.3000,1.000000,0.167294,-0.056745,-0.056745,0
0.8000,1.5000,0.3500,1.000000,0.167293,0.131335,0.131335,1
0.8000,1.5000,0.4000,1.000000,0.167293,0.167213,0.167213,1
0.8000,1.5000,0.4500,0.373353,0.167292,0.076023,0.076023,1
0.8000,1.7500,0.0000,1.000000,0.167297,0.362799,0.167297,1
0.8000,1.7500,0.0500,1.000000,0.167297,0.274228,0.167297,1
0.8000,1.7500,0.1000,1.000000,0.167296,0.352370,0.167296,1
0.8000,1.7500,0.1500,1.000000,0.167295,0.263413,0.167295,1
0.8000,1.7500,0.2000,1.000000,0.167295,0.187777,0.167295,1
0.8000,1.7500,0.2500,1.000000,0.167294,0.148098,0.148098,1
0.8000,1.7500,0.3000,0.842957,0.167294,0.228418,0.167294,1
0.8000,1.7500,0.3500,0.354424,0.167293,0.120605,0.120605,1
0.8000,1.7500,0.4000,0.118520,0.167293,0.117439,0.117439,1
0.8000,1.7500,0.4500,-0.336727,0.167292,0.168591,-0.336727,0
0.8000,2.0000,0.0000,1.000000,0.167297,0.246827,0.167297,1
0.8000,2.0000,0.0500,1.000000,0.167297,0.225896,0.167297,1
0.8000,2.0000,0.1000,1.000000,0.167296,0.196135,0.167296,1
0.8000,2.0000,0.1500,1.000000,0.167295,0.136777,0.136777,1
0.8000,2.0000,0.2000,1.000000,0.167295,0.118659,0.118659,1
0.8000,2.0000,0.2500,0.611122,0.167294,0.098438,0.098438,1
0.8000,2.0000,0.3000,0.229677,0.167294,0.266405,0.167294,1
0.8000,2.0000,0.3500,-0.061142,0.167293,0.169832,-0.061142,0
0.8000,2.0000,0.4000,-0.328679,0.167293,0.102219,-0.328679,0
0.8000,2.0000,0.4500,-0.374314,0.167292,-0.015597,-0.374314,0
0.8000,2.2500,0.0000,1.000000,0.167297,0.339936,0.167297,1
0.8000,2.2500,0.0500,1.000000,0.167297,0.290108,0.167297,1
0.8000,2.2500,0.1000,1.000000,0.167296,0.236663,0.167296,1
0.8000,2.2500,0.1500,0.798128,0.167295,0.211735,0.167295,1
0.8000,2.2500,0.2000,0.389593,0.167295,0.183848,0.167295,1
0.8000,2.2500,0.2500,0.052826,0.167294,0.172178,0.052826,1
0.8000,2.2500,0.3000,-0.043621,0.167294,0.127454,-0.043621,0
0.8000,2.2500,0.3500,-0.298519,0.167293,0.189386,-0.298519,0
0.8000,2.2500,0.4000,-0.412550,0.167293,0.082870,-0.412550,0
0.8000,2.2500,0.4500,-0.324544,0.167292,-0.010439,-0.324544,0
0.8000,2.5000,0.0000,1.000000,0.167297,0.266064,0.167297,1
0.8000,2.5000,0.0500,0.814717,0.167297,0.219988,0.167297,1
0.8000,2.5000,0.1000,0.710470,0.167296,0.149207,0.149207,1
0.8000,2.5000,0.1500,0.314176,0.167295,-0.092511,-0.092511,0
0.8000,2.5000,0.2000,0.001333,0.167295,0.231432,0.001333,0
0.8000,2.5000,0.2500,-0.196033,0.167294,0.204980,-0.196033,0
0.8000,2.5000,0.3000,-0.235441,0.167294,0.070378,-0.235441,0
0.8000,2.5000,0.3500,-0.447293,0.167293,0.309645,-0.447293,0
0.8000,2.5000,0.4000,-0.373986,0.167293,0.221416,-0.373986,0
0.8000,2.5000,0.4500,-0.363472,0.167292,-0.001550,-0.363472,0
0.8000,2.7500,0.0000,0.782579,0.167297,0.167529,0.167297,1
0.8000,2.7500,0.0500,0.423017,0.167297,0.230526,0.167297,1
0.8000,2.7500,0.1000,0.141142,0.167296,0.188005,0.141142,1
0.8000,2.7500,0.1500,-0.027504,0.167295,0.171008,-0.027504,0
0.8000,2.7500,0.2000,-0.160440,0.167295,0.361784,-0.160440,0
0.8000,2.7500,0.2500,-0.309311,0.167294,0.182269,-0.309311,0
0.8000,2.7500,0.3000,-0.384430,0.167294,0.126456,-0.384430,0
0.8000,2.7500,0.3500,-0.389695,0.167293,0.265254,-0.389695,0
0.8000,2.7500,0.4000,-0.355706,0.167293,0.189353,-0.355706,0
0.8000,2.7500,0.4500,-0.339383,0.167292,0.039186,-0.339383,0
0.8000,3.0000,0.0000,0.310974,0.167297,0.196240,0.167297,1
0.8000,3.0000,0.0500,0.026950,0.167297,0.182467,0.026950,0
0.8000,3.0000,0.1000,0.045917,0.167296,0.304428,0.045917,0
0.8000,3.0000,0.1500,-0.250610,0.167295,0.118657,-0.250610,0
0.8000,3.0000,0.2000,-0.366363,0.167295,0.073826,-0.366363,0
0.8000,3.0000,0.2500,-0.351882,0.167294,0.185826,-0.351882,0
0.8000,3.0000,0.3000,-0.366814,0.167294,0.143492,-0.366814,0
0.8000,3.0000,0.3500,-0.373318,0.167293,0.334896,-0.373318,0
0.8000,3.0000,0.4000,-0.277492,0.167293,0.134922,-0.277492,0
0.8000,3.0000,0.4500,-0.402220,0.167292,0.070995,-0.402220,0
1.0000,1.0000,0.0000,1.000000,0.167335,-0.749848,-0.749848,0
1.0000,1.0000,0.0500,1.000000,0.167335,-0.917149,-0.917149,0
1.0000,1.0000,0.1000,1.000000,0.167336,-0.916170,-0.916170,0
1.0000,1.0000,0.1500,1.000000,0.167336,-1.000000,-1.000000,0
1.0000,1.0000,0.2000,1.000000,0.167337,-0.746563,-0.746563,0
1.0000,1.0000,0.2500,1.000000,0.167337,-1.000000,-1.000000,0
1.0000,1.0000,0.3000,1.000000,0.167338,-0.666069,-0.666069,0
1.0000,1.0000,0.3500,1.000000,0.167338,-0.684689,-0.684689,0
1.0000,1.0000,0.4000,1.000000,0.167339,-0.368222,-0.368222,0
1.0000,1.0000,0.4500,1.000000,0.167339,-0.073888,-0.073888,0
1.0000,1.2500,0.0000,1.000000,0.167335,-0.695023,-0.695023,0
1.0000,1.2500,0.0500,1.000000,0.167335,-0.764046,-0.764046,0
1.0000,1.2500,0.1000,1.000000,0.167336,0.073545,0.073545,1
1.0000,1.2500,0.1500,1.000000,0.167336,0.014379,0.014379,0
1.0000,1.2500,0.2000,1.000000,0.167337,0.185736,0.167337,1
1.0000,1.2500,0.2500,1.000000,0.167337,0.010993,0.010993,0
1.0000,1.2500,0.3000,1.000000,0.167338,0.204980,0.167338,1
1.0000,1.2500,0.3500,1.000000,0.167338,-0.008977,-0.008977,0
1.0000,1.2500,0.4000,1.000000,0.167339,0.104119,0.104119,1
1.0000,1.2500,0.4500,1.000000,0.167339,0.053954,0.053954,1
1.0000,1.5000,0.0000,1.000000,0.167335,-0.155219,-0.155219,0
1.0000,1.5000,0.0500,1.000000,0.167335,0.176303,0.167335,1
1.0000,1.5000,0.1000,1.000000,0.167336,0.083925,0.083925,1
1.0000,1.5000,0.1500,1.000000,0.167336,0.194095,0.167336,1
1.0000,1.5000,0.2000,1.000000,0.167337,0.074297,0.074297,1
1.0000,1.5000,0.2500,1.000000,0.167337,0.126131,0.126131,1
1.0000,1.5000,0.3000,1.000000,0.167338,-0.121005,-0.121005,0
1.0000,1.5000,0.3500,1.000000,0.167338,0.049880,0.049880,0
1.0000,1.5000,0.4000,0.711722,0.167339,0.037453,0.037453,0
1.0000,1.5000,0.4500,0.152354,0.167339,-0.028383,-0.028383,0
1.0000,1.7500,0.0000,1.000000,0.167335,0.170877,0.167335,1
1.0000,1.7500,0.0500,1.000000,0.167335,0.245899,0.167335,1
1.0000,1.7500,0.1000,1.000000,0.167336,0.175799,0.167336,1
1.0000,1.7500,0.1500,1.000000,0.167336,0.113708,0.113708,1
1.0000,1.7500,0.2000,1.000000,0.167337,0.124065,0.124065,1
1.0000,1.7500,0.2500,1.000000,0.167337,-0.075596,-0.075596,0
1.0000,1.7500,0.3000,0.697820,0.167338,-0.061352,-0.061352,0
1.0000,1.7500,0.3500,0.204760,0.167338,0.039579,0.039579,0
1.0000,1.7500,0.4000,-0.021886,0.167339,0.038774,-0.021886,0
1.0000,1.7500,0.4500,-0.354548,0.167339,0.035265,-0.354548,0
1.0000,2.0000,0.0000,1.000000,0.167335,0.178160,0.167335,1
1.0000,2.0000,0.0500,1.000000,0.167335,0.188495,0.167335,1
1.0000,2.0000,0.1000,1.000000,0.167336,0.102320,0.102320,1
1.0000,2.0000,0.1500,1.000000,0.167336,0.067120,0.067120,1
1.0000,2.0000,0.2000,0.771921,0.167337,0.088760,0.088760,1
1.0000,2.0000,0.2500,0.563012,0.167337,-0.137151,-0.137151,0
1.0000,2.0000,0.3000,-0.043397,0.167338,0.168478,-0.043397,0
1.0000,2.0000,0.3500,0.030911,0.167338,0.150002,0.030911,0
1.0000,2.0000,0.4000,-0.271899,0.167339,0.125370,-0.271899,0
1.0000,2.0000,0.4500,-0.434729,0.167339,-0.054240,-0.434729,0
1.0000,2.2500,0.0000,1.000000,0.167335,0.196876,0.167335,1
1.0000,2.2500,0.0500,1.000000,0.167335,0.163573,0.163573,1
1.0000,2.2500,0.1000,0.837830,0.167336,0.127593,0.127593,1
1.0000,2.2500,0.1500,0.518180,0.167336,0.151628,0.151628,1
1.0000,2.2500,0.2000,0.264355,0.167337,-0.042720,-0.042720,0
1.0000,2.2500,0.2500,-0.016572,0.167337,0.100900,-0.016572,0
1.0000,2.2500,0.3000,-0.136975,0.167338,0.004208,-0.136975,0
1.0000,2.2500,0.3500,-0.418409,0.167338,0.095598,-0.418409,0
1.0000,2.2500,0.4000,-0.351283,0.167339,0.019645,-0.351283,0
1.0000,2.2500,0.4500,-0.460551,0.167339,-0.047493,-0.460551,0
1.0000,2.5000,0.0000,1.000000,0.167335,0.128338,0.128338,1
1.0000,2.5000,0.0500,0.798249,0.167335,0.112225,0.112225,1
1.0000,2.5000,0.1000,0.549802,0.167336,0.074400,0.074400,1
1.0000,2.5000,0.1500,0.037097,0.167336,0.315825,0.037097,0
1.0000,2.5000,0.2000,-0.047917,0.167337,0.105401,-0.047917,0
1.0000,2.5000,0.2500,-0.161007,0.167337,0.044518,-0.161007,0
1.0000,2.5000,0.3000,-0.354851,0.167338,0.026043,-0.354851,0
1.0000,2.5000,0.3500,-0.300749,0.167338,0.134380,-0.300749,0
1.0000,2.5000,0.4000,-0.377763,0.167339,0.034794,-0.377763,0
1.0000,2.5000,0.4500,-0.351053,0.167339,-0.045407,-0.351053,0
1.0000,2.7500,0.0000,0.513101,0.167335,0.151101,0.151101,1
1.0000,2.7500,0.0500,0.213421,0.167335,0.175690,0.167335,1
1.0000,2.7500,0.1000,-0.030460,0.167336,0.080925,-0.030460,0
1.0000,2.7500,0.1500,-0.091158,0.167336,-0.060671,-0.091158,0
1.0000,2.7500,0.2000,-0.268307,0.167337,0.178813,-0.268307,0
1.0000,2.7500,0.2500,-0.347180,0.167337,0.104440,-0.347180,0
1.0000,2.7500,0.3000,-0.334133,0.167338,0.055854,-0.334133,0
1.0000,2.7500,0.3500,-0.450278,0.167338,0.182713,-0.450278,0
1.0000,2.7500,0.4000,-0.331643,0.167339,0.047946,-0.331643,0
1.0000,2.7500,0.4500,-0.408879,0.167339,-0.040510,-0.408879,0
1.0000,3.0000,0.0000,0.261457,0.167335,0.069541,0.069541,1
1.0000,3.0000,0.0500,0.020354,0.167335,0.209046,0.020354,0
1.0000,3.0000,0.1000,-0.034323,0.167336,0.247073,-0.034323,0
1.0000,3.0000,0.1500,-0.282526,0.167336,0.127862,-0.282526,0
1.0000,3.0000,0.2000,-0.305683,0.167337,0.244985,-0.305683,0
1.0000,3.0000,0.2500,-0.308344,0.167337,0.050160,-0.308344,0
1.0000,3.0000,0.3000,-0.350427,0.167338,0.083224,-0.350427,0
1.0000,3.0000,0.3500,-0.502205,0.167338,0.034613,-0.502205,0
1.0000,3.0000,0.4000,-0.389530,0.167339,0.063148,-0.389530,0
1.0000,3.0000,0.4500,-0.354794,0.167339,-0.036342,-0.354794,0
1.2000,1.0000,0.0000,1.000000,0.167409,-1.000000,-1.000000,0
1.2000,1.0000,0.0500,1.000000,0.167411,-1.000000,-1.000000,0
1.2000,1.0000,0.1000,1.000000,0.167412,-0.916740,-0.916740,0
1.2000,1.0000,0.1500,1.000000,0.167413,-0.917775,-0.917775,0
1.2000,1.0000,0.2000,1.000000,0.167414,-0.958040,-0.958040,0
1.2000,1.0000,0.2500,1.000000,0.167416,-1.000000,-1.000000,0
1.2000,1.0000,0.3000,1.000000,0.167417,-1.000000,-1.000000,0
1.2000,1.0000,0.3500,1.000000,0.167418,-0.606240,-0.606240,0
1.2000,1.0000,0.4000,1.000000,0.167420,0.033398,0.033398,0
1.2000,1.0000,0.4500,1.000000,0.167421,-0.404371,-0.404371,0
1.2000,1.2500,0.0000,1.000000,0.167409,-0.749855,-0.749855,0
1.2000,1.2500,0.0500,1.000000,0.167411,-0.466289,-0.466289,0
1.2000,1.2500,0.1000,1.000000,0.167412,-0.088759,-0.088759,0
1.2000,1.2500,0.1500,1.000000,0.167413,-0.043304,-0.043304,0
1.2000,1.2500,0.2000,1.000000,0.167414,0.048246,0.048246,0
1.2000,1.2500,0.2500,1.000000,0.167416,0.213167,0.167416,1
1.2000,1.2500,0.3000,1.000000,0.167417,0.179995,0.167417,1
1.2000,1.2500,0.3500,1.000000,0.167418,0.302849,0.167418,1
1.2000,1.2500,0.4000,1.000000,0.167420,-0.119706,-0.119706,0
1.2000,1.2500,0.4500,1.000000,0.167421,-0.146526,-0.146526,0
1.2000,1.5000,0.0000,1.000000,0.167409,0.183021,0.167409,1
1.2000,1.5000,0.0500,1.000000,0.167411,0.292960,0.167411,1
1.2000,1.5000,0.1000,1.000000,0.167412,0.336730,0.167412,1
1.2000,1.5000,0.1500,1.000000,0.167413,0.274102,0.167413,1
1.2000,1.5000,0.2000,1.000000,0.167414,0.256754,0.167414,1
1.2000,1.5000,0.2500,1.000000,0.167416,0.197684,0.167416,1
1.2000,1.5000,0.3000,1.000000,0.167417,0.094747,0.094747,1
1.2000,1.5000,0.3500,1.000000,0.167418,0.029875,0.029875,0
1.2000,1.5000,0.4000,0.710333,0.167420,-0.103557,-0.103557,0
1.2000,1.5000,0.4500,0.145539,0.167421,-0.183407,-0.183407,0
1.2000,1.7500,0.0000,1.000000,0.167409,0.150551,0.150551,1
1.2000,1.7500,0.0500,1.000000,0.167411,0.288546,0.167411,1
1.2000,1.7500,0.1000,1.000000,0.167412,0.269253,0.167412,1
1.2000,1.7500,0.1500,1.000000,0.167413,0.211446,0.167413,1
1.2000,1.7500,0.2000,1.000000,0.167414,0.177742,0.167414,1
1.2000,1.7500,0.2500,1.000000,0.167416,0.188397,0.167416,1
1.2000,1.7500,0.3000,0.736395,0.167417,0.164758,0.164758,1
1.2000,1.7500,0.3500,0.272998,0.167418,0.034481,0.034481,0
1.2000,1.7500,0.4000,-0.061391,0.167420,-0.102329,-0.102329,0
1.2000,1.7500,0.4500,-0.327358,0.167421,0.119407,-0.327358,0
1.2000,2.0000,0.0000,1.000000,0.167409,0.205229,0.167409,1
1.2000,2.0000,0.0500,1.000000,0.167411,0.261796,0.167411,1
1.2000,2.0000,0.1000,1.000000,0.167412,0.141414,0.141414,1
1.2000,2.0000,0.1500,0.930367,0.167413,0.119849,0.119849,1
1.2000,2.0000,0.2000,0.789293,0.167414,0.118250,0.118250,1
1.2000,2.0000,0.2500,0.440867,0.167416,0.279152,0.167416,1
1.2000,2.0000,0.3000,0.098040,0.167417,0.216314,0.098040,1
1.2000,2.0000,0.3500,-0.002171,0.167418,0.164769,-0.002171,0
1.2000,2.0000,0.4000,-0.367033,0.167420,-0.034063,-0.367033,0
1.2000,2.0000,0.4500,-0.368883,0.167421,-0.007909,-0.368883,0
1.2000,2.2500,0.0000,1.000000,0.167409,0.212062,0.167409,1
1.2000,2.2500,0.0500,1.000000,0.167411,0.270889,0.167411,1
1.2000,2.2500,0.1000,0.727461,0.167412,0.317944,0.167412,1
1.2000,2.2500,0.1500,0.425409,0.167413,0.243450,0.167413,1
1.2000,2.2500,0.2000,0.131883,0.167414,0.120468,0.120468,1
1.2000,2.2500,0.2500,0.088191,0.167416,0.117676,0.088191,1
1.2000,2.2500,0.3000,-0.236366,0.167417,-0.012633,-0.236366,0
1.2000,2.2500,0.3500,-0.382767,0.167418,0.098465,-0.382767,0
1.2000,2.2500,0.4000,-0.454925,0.167420,0.048195,-0.454925,0
1.2000,2.2500,0.4500,-0.421864,0.167421,-0.018306,-0.421864,0
1.2000,2.5000,0.0000,0.848138,0.167409,0.262157,0.167409,1
1.2000,2.5000,0.0500,0.545164,0.167411,0.223453,0.167411,1
1.2000,2.5000,0.1000,0.290221,0.167412,0.131213,0.131213,1
1.2000,2.5000,0.1500,0.081400,0.167413,0.287947,0.081400,1
1.2000,2.5000,0.2000,-0.037924,0.167414,0.192952,-0.037924,0
1.2000,2.5000,0.2500,-0.218675,0.167416,0.159652,-0.218675,0
1.2000,2.5000,0.3000,-0.379218,0.167417,0.059237,-0.379218,0
1.2000,2.5000,0.3500,-0.381309,0.167418,0.191081,-0.381309,0
1.2000,2.5000,0.4000,-0.448424,0.167420,0.065032,-0.448424,0
1.2000,2.5000,0.4500,-0.413979,0.167421,-0.010498,-0.413979,0
1.2000,2.7500,0.0000,0.404458,0.167409,0.206459,0.167409,1
1.2000,2.7500,0.0500,0.152717,0.167411,0.254396,0.152717,1
1.2000,2.7500,0.1000,0.076324,0.167412,0.151303,0.076324,1
1.2000,2.7500,0.1500,0.014159,0.167413,0.152264,0.014159,0
1.2000,2.7500,0.2000,-0.243785,0.167414,0.264413,-0.243785,0
1.2000,2.7500,0.2500,-0.374513,0.167416,0.196314,-0.374513,0
1.2000,2.7500,0.3000,-0.362854,0.167417,0.133344,-0.362854,0
1.2000,2.7500,0.3500,-0.391389,0.167418,0.243888,-0.391389,0
1.2000,2.7500,0.4000,-0.419908,0.167420,0.183960,-0.419908,0
1.2000,2.7500,0.4500,-0.421773,0.167421,0.119687,-0.421773,0
1.2000,3.0000,0.0000,0.095661,0.167409,0.206611,0.095661,1
1.2000,3.0000,0.0500,-0.036909,0.167411,0.290519,-0.036909,0
1.2000,3.0000,0.1000,-0.223747,0.167412,0.242694,-0.223747,0
1.2000,3.0000,0.1500,-0.355903,0.167413,0.219230,-0.355903,0
1.2000,3.0000,0.2000,-0.350838,0.167414,0.355522,-0.350838,0
1.2000,3.0000,0.2500,-0.389840,0.167416,0.208444,-0.389840,0
1.2000,3.0000,0.3000,-0.299098,0.167417,0.239857,-0.299098,0
1.2000,3.0000,0.3500,-0.391163,0.167418,0.303670,-0.391163,0
1.2000,3.0000,0.4000,-0.395068,0.167420,0.096253,-0.395068,0
1.2000,3.0000,0.4500,-0.383275,0.167421,-0.003579,-0.383275,0
1.4000,1.0000,0.0000,1.000000,0.167407,-0.777680,-0.777680,0
1.4000,1.0000,0.0500,1.000000,0.167409,-1.000000,-1.000000,0
1.4000,1.0000,0.1000,1.000000,0.167410,-0.958431,-0.958431,0
1.4000,1.0000,0.1500,1.000000,0.167412,-1.000000,-1.000000,0
1.4000,1.0000,0.2000,1.000000,0.167414,-0.916742,-0.916742,0
1.4000,1.0000,0.2500,1.000000,0.167416,-0.875594,-0.875594,0
1.4000,1.0000,0.3000,1.000000,0.167418,-0.666697,-0.666697,0
1.4000,1.0000,0.3500,1.000000,0.167420,-0.618446,-0.618446,0
1.4000,1.0000,0.4000,1.000000,0.167422,-0.057564,-0.057564,0
1.4000,1.0000,0.4500,1.000000,0.167424,-0.140823,-0.140823,0
1.4000,1.2500,0.0000,1.000000,0.167407,-0.376214,-0.376214,0
1.4000,1.2500,0.0500,1.000000,0.167409,-0.316912,-0.316912,0
1.4000,1.2500,0.1000,1.000000,0.167410,0.331108,0.167410,1
1.4000,1.2500,0.1500,1.000000,0.167412,0.007829,0.007829,0
1.4000,1.2500,0.2000,1.000000,0.167414,-0.326522,-0.326522,0
1.4000,1.2500,0.2500,1.000000,0.167416,0.106349,0.106349,1
1.4000,1.2500,0.3000,1.000000,0.167418,0.292472,0.167418,1
1.4000,1.2500,0.3500,1.000000,0.167420,0.125981,0.125981,1
1.4000,1.2500,0.4000,1.000000,0.167422,0.079025,0.079025,1
1.4000,1.2500,0.4500,1.000000,0.167424,-0.105837,-0.105837,0
1.4000,1.5000,0.0000,1.000000,0.167407,-0.063807,-0.063807,0
1.4000,1.5000,0.0500,1.000000,0.167409,0.310872,0.167409,1
1.4000,1.5000,0.1000,1.000000,0.167410,0.168980,0.167410,1
1.4000,1.5000,0.1500,1.000000,0.167412,0.272243,0.167412,1
1.4000,1.5000,0.2000,1.000000,0.167414,0.279224,0.167414,1
1.4000,1.5000,0.2500,1.000000,0.167416,0.114352,0.114352,1
1.4000,1.5000,0.3000,1.000000,0.167418,0.137887,0.137887,1
1.4000,1.5000,0.3500,1.000000,0.167420,-0.254825,-0.254825,0
1.4000,1.5000,0.4000,0.582258,0.167422,-0.054842,-0.054842,0
1.4000,1.5000,0.4500,0.092440,0.167424,-0.161605,-0.161605,0
1.4000,1.7500,0.0000,1.000000,0.167407,0.172398,0.167407,1
1.4000,1.7500,0.0500,1.000000,0.167409,0.160804,0.160804,1
1.4000,1.7500,0.1000,1.000000,0.167410,0.243557,0.167410,1
1.4000,1.7500,0.1500,1.000000,0.167412,0.249354,0.167412,1
1.4000,1.7500,0.2000,1.000000,0.167414,0.195821,0.167414,1
1.4000,1.7500,0.2500,1.000000,0.167416,0.075222,0.075222,1
1.4000,1.7500,0.3000,0.651105,0.167418,0.056383,0.056383,1
1.4000,1.7500,0.3500,0.433754,0.167420,-0.024406,-0.024406,0
1.4000,1.7500,0.4000,-0.010085,0.167422,-0.046103,-0.046103,0
1.4000,1.7500,0.4500,-0.257507,0.167424,-0.055259,-0.257507,0
1.4000,2.0000,0.0000,1.000000,0.167407,0.316153,0.167407,1
1.4000,2.0000,0.0500,1.000000,0.167409,0.144136,0.144136,1
1.4000,2.0000,0.1000,1.000000,0.167410,0.133248,0.133248,1
1.4000,2.0000,0.1500,1.000000,0.167412,0.092618,0.092618,1
1.4000,2.0000,0.2000,0.599763,0.167414,0.098021,0.098021,1
1.4000,2.0000,0.2500,0.346129,0.167416,0.109954,0.109954,1
1.4000,2.0000,0.3000,0.127190,0.167418,0.154410,0.127190,1
1.4000,2.0000,0.3500,0.011781,0.167420,0.003148,0.003148,0
1.4000,2.0000,0.4000,-0.385845,0.167422,0.142097,-0.385845,0
1.4000,2.0000,0.4500,-0.429343,0.167424,-0.046706,-0.429343,0
1.4000,2.2500,0.0000,1.000000,0.167407,0.214365,0.167407,1
1.4000,2.2500,0.0500,1.000000,0.167409,0.149219,0.149219,1
1.4000,2.2500,0.1000,0.692538,0.167410,0.194033,0.167410,1
1.4000,2.2500,0.1500,0.447413,0.167412,0.141366,0.141366,1
1.4000,2.2500,0.2000,0.134868,0.167414,0.187533,0.134868,1
1.4000,2.2500,0.2500,-0.070695,0.167416,0.150425,-0.070695,0
1.4000,2.2500,0.3000,-0.262888,0.167418,0.090622,-0.262888,0
1.4000,2.2500,0.3500,-0.411239,0.167420,0.005411,-0.411239,0
1.4000,2.2500,0.4000,-0.451434,0.167422,0.093026,-0.451434,0
1.4000,2.2500,0.4500,-0.365899,0.167424,-0.039440,-0.365899,0
1.4000,2.5000,0.0000,0.806093,0.167407,0.112352,0.112352,1
1.4000,2.5000,0.0500,0.426518,0.167409,0.197578,0.167409,1
1.4000,2.5000,0.1000,0.152119,0.167410,0.107762,0.107762,1
1.4000,2.5000,0.1500,0.123102,0.167412,0.041926,0.041926,0
1.4000,2.5000,0.2000,-0.045865,0.167414,0.144505,-0.045865,0
1.4000,2.5000,0.2500,-0.285442,0.167416,0.161825,-0.285442,0
1.4000,2.5000,0.3000,-0.400472,0.167418,0.113691,-0.400472,0
1.4000,2.5000,0.3500,-0.352230,0.167420,0.026060,-0.352230,0
1.4000,2.5000,0.4000,-0.442809,0.167422,0.117957,-0.442809,0
1.4000,2.5000,0.4500,-0.496905,0.167424,-0.035642,-0.496905,0
1.4000,2.7500,0.0000,0.416796,0.167407,0.095639,0.095639,1
1.4000,2.7500,0.0500,0.082213,0.167409,0.261246,0.082213,1
1.4000,2.7500,0.1000,0.041828,0.167410,0.114402,0.041828,0
1.4000,2.7500,0.1500,0.016668,0.167412,0.212447,0.016668,0
1.4000,2.7500,0.2000,-0.324162,0.167414,0.220169,-0.324162,0
1.4000,2.7500,0.2500,-0.361809,0.167416,0.300300,-0.361809,0
1.4000,2.7500,0.3000,-0.361512,0.167418,0.226229,-0.361512,0
1.4000,2.7500,0.3500,-0.351848,0.167420,0.046450,-0.351848,0
1.4000,2.7500,0.4000,-0.415585,0.167422,0.144710,-0.415585,0
1.4000,2.7500,0.4500,-0.416236,0.167424,-0.027277,-0.416236,0
1.4000,3.0000,0.0000,0.070935,0.167407,0.103952,0.070935,1
1.4000,3.0000,0.0500,-0.095134,0.167409,0.105735,-0.095134,0
1.4000,3.0000,0.1000,-0.245492,0.167410,0.104940,-0.245492,0
1.4000,3.0000,0.1500,-0.350027,0.167412,0.163997,-0.350027,0
1.4000,3.0000,0.2000,-0.334545,0.167414,0.148840,-0.334545,0
1.4000,3.0000,0.2500,-0.382054,0.167416,0.111787,-0.382054,0
1.4000,3.0000,0.3000,-0.409527,0.167418,0.028184,-0.409527,0
1.4000,3.0000,0.3500,-0.387230,0.167420,0.061398,-0.387230,0
1.4000,3.0000,0.4000,-0.382084,0.167422,0.168639,-0.382084,0
1.4000,3.0000,0.4500,-0.359507,0.167424,-0.023333,-0.359507,0
1.6000,1.0000,0.0000,1.000000,0.167427,-0.916634,-0.916634,0
1.6000,1.0000,0.0500,1.000000,0.167430,-0.749995,-0.749995,0
1.6000,1.0000,0.1000,1.000000,0.167433,-0.749851,-0.749851,0
1.6000,1.0000,0.1500,1.000000,0.167435,-1.000000,-1.000000,0
1.6000,1.0000,0.2000,1.000000,0.167438,-0.916411,-0.916411,0
1.6000,1.0000,0.2500,1.000000,0.167440,-0.914438,-0.914438,0
1.6000,1.0000,0.3000,1.000000,0.167443,-0.158438,-0.158438,0
1.6000,1.0000,0.3500,1.000000,0.167445,-0.268681,-0.268681,0
1.6000,1.0000,0.4000,1.000000,0.167448,-0.627254,-0.627254,0
1.6000,1.0000,0.4500,1.000000,0.167450,-0.031774,-0.031774,0
1.6000,1.2500,0.0000,1.000000,0.167427,-0.214950,-0.214950,0
1.6000,1.2500,0.0500,1.000000,0.167430,-0.316135,-0.316135,0
1.6000,1.2500,0.1000,1.000000,0.167433,-0.298571,-0.298571,0
1.6000,1.2500,0.1500,1.000000,0.167435,0.272072,0.167435,1
1.6000,1.2500,0.2000,1.000000,0.167438,0.318093,0.167438,1
1.6000,1.2500,0.2500,1.000000,0.167440,0.388720,0.167440,1
1.6000,1.2500,0.3000,1.000000,0.167443,0.286656,0.167443,1
1.6000,1.2500,0.3500,1.000000,0.167445,0.192174,0.167445,1
1.6000,1.2500,0.4000,1.000000,0.167448,0.121019,0.121019,1
1.6000,1.2500,0.4500,1.000000,0.167450,0.051567,0.051567,1
1.6000,1.5000,0.0000,1.000000,0.167427,0.304537,0.167427,1
1.6000,1.5000,0.0500,1.000000,0.167430,0.358100,0.167430,1
1.6000,1.5000,0.1000,1.000000,0.167433,0.340344,0.167433,1
1.6000,1.5000,0.1500,1.000000,0.167435,0.257873,0.167435,1
1.6000,1.5000,0.2000,1.000000,0.167438,0.251173,0.167438,1
1.6000,1.5000,0.2500,1.000000,0.167440,0.184138,0.167440,1
1.6000,1.5000,0.3000,1.000000,0.167443,0.190296,0.167443,1
1.6000,1.5000,0.3500,1.000000,0.167445,0.207047,0.167445,1
1.6000,1.5000,0.4000,0.435401,0.167448,0.206843,0.167448,1
1.6000,1.5000,0.4500,0.147129,0.167450,0.094658,0.094658,1
1.6000,1.7500,0.0000,1.000000,0.167427,0.300336,0.167427,1
1.6000,1.7500,0.0500,1.000000,0.167430,0.321919,0.167430,1
1.6000,1.7500,0.1000,1.000000,0.167433,0.265211,0.167433,1
1.6000,1.7500,0.1500,1.000000,0.167435,0.217133,0.167435,1
1.6000,1.7500,0.2000,1.000000,0.167438,0.226433,0.167438,1
1.6000,1.7500,0.2500,1.000000,0.167440,0.169595,0.167440,1
1.6000,1.7500,0.3000,0.529444,0.167443,0.149092,0.149092,1
1.6000,1.7500,0.3500,0.439180,0.167445,0.325343,0.167445,1
1.6000,1.7500,0.4000,-0.006351,0.167448,0.282477,-0.006351,0
1.6000,1.7500,0.4500,-0.244076,0.167450,0.055268,-0.244076,0
1.6000,2.0000,0.0000,1.000000,0.167427,0.299279,0.167427,1
1.6000,2.0000,0.0500,1.000000,0.167430,0.189283,0.167430,1
1.6000,2.0000,0.1000,1.000000,0.167433,0.248486,0.167433,1
1.6000,2.0000,0.1500,0.847496,0.167435,0.217150,0.167435,1
1.6000,2.0000,0.2000,0.569586,0.167438,0.198749,0.167438,1
1.6000,2.0000,0.2500,0.346520,0.167440,0.171508,0.167440,1
1.6000,2.0000,0.3000,0.052153,0.167443,0.202221,0.052153,1
1.6000,2.0000,0.3500,-0.103177,0.167445,0.039673,-0.103177,0
1.6000,2.0000,0.4000,-0.411701,0.167448,0.203914,-0.411701,0
1.6000,2.0000,0.4500,-0.408431,0.167450,0.078696,-0.408431,0
1.6000,2.2500,0.0000,1.000000,0.167427,0.310951,0.167427,1
1.6000,2.2500,0.0500,1.000000,0.167430,0.199534,0.167430,1
1.6000,2.2500,0.1000,0.610101,0.167433,0.166217,0.166217,1
1.6000,2.2500,0.1500,0.319686,0.167435,0.139201,0.139201,1
1.6000,2.2500,0.2000,0.086878,0.167438,0.230783,0.086878,1
1.6000,2.2500,0.2500,-0.038190,0.167440,0.210354,-0.038190,0
1.6000,2.2500,0.3000,-0.259215,0.167443,0.137357,-0.259215,0
1.6000,2.2500,0.3500,-0.371334,0.167445,0.071831,-0.371334,0
1.6000,2.2500,0.4000,-0.397255,0.167448,0.143708,-0.397255,0
1.6000,2.2500,0.4500,-0.369801,0.167450,0.092505,-0.369801,0
1.6000,2.5000,0.0000,0.789394,0.167427,0.206514,0.167427,1
1.6000,2.5000,0.0500,0.408655,0.167430,0.190218,0.167430,1
1.6000,2.5000,0.1000,0.098174,0.167433,0.292771,0.098174,1
1.6000,2.5000,0.1500,0.055726,0.167435,0.181368,0.055726,1
1.6000,2.5000,0.2000,-0.062744,0.167438,0.245549,-0.062744,0
1.6000,2.5000,0.2500,-0.262008,0.167440,0.182344,-0.262008,0
1.6000,2.5000,0.3000,-0.402693,0.167443,0.190227,-0.402693,0
1.6000,2.5000,0.3500,-0.392647,0.167445,0.107501,-0.392647,0
1.6000,2.5000,0.4000,-0.379766,0.167448,0.175923,-0.379766,0
1.6000,2.5000,0.4500,-0.462138,0.167450,-0.001212,-0.462138,0
1.6000,2.7500,0.0000,0.441630,0.167427,0.239724,0.167427,1
1.6000,2.7500,0.0500,0.077591,0.167430,0.167396,0.077591,1
1.6000,2.7500,0.1000,0.036505,0.167433,0.242850,0.036505,0
1.6000,2.7500,0.1500,-0.053271,0.167435,0.270853,-0.053271,0
1.6000,2.7500,0.2000,-0.338661,0.167438,0.204582,-0.338661,0
1.6000,2.7500,0.2500,-0.349944,0.167440,0.280629,-0.349944,0
1.6000,2.7500,0.3000,-0.368452,0.167443,0.269217,-0.368452,0
1.6000,2.7500,0.3500,-0.462201,0.167445,0.166223,-0.462201,0
1.6000,2.7500,0.4000,-0.340610,0.167448,0.206253,-0.340610,0
1.6000,2.7500,0.4500,-0.400166,0.167450,0.006565,-0.400166,0
1.6000,3.0000,0.0000,0.101326,0.167427,0.199347,0.101326,1
1.6000,3.0000,0.0500,-0.100083,0.167430,0.172717,-0.100083,0
1.6000,3.0000,0.1000,-0.221377,0.167433,0.256089,-0.221377,0
1.6000,3.0000,0.1500,-0.348704,0.167435,0.161277,-0.348704,0
1.6000,3.0000,0.2000,-0.389308,0.167438,0.134493,-0.389308,0
1.6000,3.0000,0.2500,-0.380131,0.167440,0.204455,-0.380131,0
1.6000,3.0000,0.3000,-0.395648,0.167443,0.073374,-0.395648,0
1.6000,3.0000,0.3500,-0.400044,0.167445,0.054399,-0.400044,0
1.6000,3.0000,0.4000,-0.392787,0.167448,0.253526,-0.392787,0
1.6000,3.0000,0.4500,-0.354737,0.167450,0.012390,-0.354737,0
1.8000,1.0000,0.0000,1.000000,0.084534,-0.916664,-0.916664,0
1.8000,1.0000,0.0500,1.000000,0.084538,-1.000000,-1.000000,0
1.8000,1.0000,0.1000,1.000000,0.084541,-1.000000,-1.000000,0
1.8000,1.0000,0.1500,1.000000,0.084545,-1.000000,-1.000000,0
1.8000,1.0000,0.2000,1.000000,0.084548,-1.000000,-1.000000,0
1.8000,1.0000,0.2500,1.000000,0.084551,-1.000000,-1.000000,0
1.8000,1.0000,0.3000,1.000000,0.084555,0.070247,0.070247,1
1.8000,1.0000,0.3500,1.000000,0.084558,0.027498,0.027498,0
1.8000,1.0000,0.4000,1.000000,0.084562,-0.279427,-0.279427,0
1.8000,1.0000,0.4500,1.000000,0.084565,0.064594,0.064594,1
1.8000,1.2500,0.0000,1.000000,0.084534,-0.023055,-0.023055,0
1.8000,1.2500,0.0500,1.000000,0.084538,-0.212365,-0.212365,0
1.8000,1.2500,0.1000,1.000000,0.084541,-0.240129,-0.240129,0
1.8000,1.2500,0.1500,1.000000,0.084545,0.313066,0.084545,1
1.8000,1.2500,0.2000,1.000000,0.084548,0.225995,0.084548,1
1.8000,1.2500,0.2500,1.000000,0.084551,0.313524,0.084551,1
1.8000,1.2500,0.3000,1.000000,0.084555,0.316864,0.084555,1
1.8000,1.2500,0.3500,1.000000,0.084558,0.223212,0.084558,1
1.8000,1.2500,0.4000,1.000000,0.084562,0.134394,0.084562,1
1.8000,1.2500,0.4500,1.000000,0.084565,0.100940,0.084565,1
1.8000,1.5000,0.0000,1.000000,0.084534,-0.179234,-0.179234,0
1.8000,1.5000,0.0500,1.000000,0.084538,0.319144,0.084538,1
1.8000,1.5000,0.1000,1.000000,0.084541,0.313099,0.084541,1
1.8000,1.5000,0.1500,1.000000,0.084545,0.325211,0.084545,1
1.8000,1.5000,0.2000,1.000000,0.084548,0.316373,0.084548,1
1.8000,1.5000,0.2500,1.000000,0.084551,0.146215,0.084551,1
1.8000,1.5000,0.3000,1.000000,0.084555,0.169928,0.084555,1
1.8000,1.5000,0.3500,1.000000,0.084558,0.197451,0.084558,1
1.8000,1.5000,0.4000,0.433130,0.084562,0.163243,0.084562,1
1.8000,1.5000,0.4500,0.085453,0.084565,0.178193,0.084565,1
1.8000,1.7500,0.0000,1.000000,0.084534,0.314717,0.084534,1
1.8000,1.7500,0.0500,1.000000,0.084538,0.276554,0.084538,1
1.8000,1.7500,0.1000,1.000000,0.084541,0.217073,0.084541,1
1.8000,1.7500,0.1500,1.000000,0.084545,0.207734,0.084545,1
1.8000,1.7500,0.2000,1.000000,0.084548,0.239742,0.084548,1
1.8000,1.7500,0.2500,1.000000,0.084551,0.107728,0.084551,1
1.8000,1.7500,0.3000,0.559762,0.084555,0.188571,0.084555,1
1.8000,1.7500,0.3500,0.059424,0.084558,0.218132,0.059424,1
1.8000,1.7500,0.4000,0.046799,0.084562,0.183245,0.046799,0
1.8000,1.7500,0.4500,-0.416657,0.084565,-0.019559,-0.416657,0
1.8000,2.0000,0.0000,1.000000,0.084534,0.297177,0.084534,1
1.8000,2.0000,0.0500,1.000000,0.084538,0.226992,0.084538,1
1.8000,2.0000,0.1000,1.000000,0.084541,0.231169,0.084541,1
1.8000,2.0000,0.1500,0.827264,0.084545,0.266757,0.084545,1
1.8000,2.0000,0.2000,0.416874,0.084548,0.274452,0.084548,1
1.8000,2.0000,0.2500,0.354135,0.084551,0.236468,0.084551,1
1.8000,2.0000,0.3000,-0.020048,0.084555,0.247256,-0.020048,0
1.8000,2.0000,0.3500,-0.358467,0.084558,0.084026,-0.358467,0
1.8000,2.0000,0.4000,-0.341118,0.084562,0.103658,-0.341118,0
1.8000,2.0000,0.4500,-0.378113,0.084565,-0.005566,-0.378113,0
1.8000,2.2500,0.0000,1.000000,0.084534,0.332563,0.084534,1
1.8000,2.2500,0.0500,1.000000,0.084538,0.260199,0.084538,1
1.8000,2.2500,0.1000,0.570906,0.084541,0.256688,0.084541,1
1.8000,2.2500,0.1500,0.331857,0.084545,0.264711,0.084545,1
1.8000,2.2500,0.2000,0.103064,0.084548,0.196745,0.084548,1
1.8000,2.2500,0.2500,-0.086906,0.084551,0.130780,-0.086906,0
1.8000,2.2500,0.3000,-0.259012,0.084555,0.182279,-0.259012,0
1.8000,2.2500,0.3500,-0.403525,0.084558,0.115525,-0.403525,0
1.8000,2.2500,0.4000,-0.370443,0.084562,0.147532,-0.370443,0
1.8000,2.2500,0.4500,-0.427749,0.084565,0.011235,-0.427749,0
1.8000,2.5000,0.0000,0.732931,0.084534,0.269614,0.084534,1
1.8000,2.5000,0.0500,0.423091,0.084538,0.231279,0.084538,1
1.8000,2.5000,0.1000,0.287916,0.084541,0.235798,0.084541,1
1.8000,2.5000,0.1500,0.056132,0.084545,0.116615,0.056132,1
1.8000,2.5000,0.2000,-0.047819,0.084548,0.164675,-0.047819,0
1.8000,2.5000,0.2500,-0.267995,0.084551,0.229170,-0.267995,0
1.8000,2.5000,0.3000,-0.414887,0.084555,0.139250,-0.414887,0
1.8000,2.5000,0.3500,-0.392420,0.084558,0.180619,-0.392420,0
1.8000,2.5000,0.4000,-0.379196,0.084562,0.175340,-0.379196,0
1.8000,2.5000,0.4500,-0.393817,0.084565,0.013988,-0.393817,0
1.8000,2.7500,0.0000,0.345298,0.084534,0.290752,0.084534,1
1.8000,2.7500,0.0500,0.113003,0.084538,0.310628,0.084538,1
1.8000,2.7500,0.1000,0.011439,0.084541,0.245237,0.011439,0
1.8000,2.7500,0.1500,-0.177910,0.084545,0.179497,-0.177910,0
1.8000,2.7500,0.2000,-0.371528,0.084548,0.154486,-0.371528,0
1.8000,2.7500,0.2500,-0.342299,0.084551,0.188238,-0.342299,0
1.8000,2.7500,0.3000,-0.358210,0.084555,0.215113,-0.358210,0
1.8000,2.7500,0.3500,-0.304604,0.084558,0.220134,-0.304604,0
1.8000,2.7500,0.4000,-0.342987,0.084562,0.207660,-0.342987,0
1.8000,2.7500,0.4500,-0.483317,0.084565,0.025969,-0.483317,0
1.8000,3.0000,0.0000,0.086494,0.084534,0.207817,0.084534,1
1.8000,3.0000,0.0500,-0.115515,0.084538,0.215808,-0.115515,0
1.8000,3.0000,0.1000,-0.191052,0.084541,0.260624,-0.191052,0
1.8000,3.0000,0.1500,-0.398582,0.084545,0.140956,-0.398582,0
1.8000,3.0000,0.2000,-0.333898,0.084548,0.189169,-0.333898,0
1.8000,3.0000,0.2500,-0.377436,0.084551,0.219272,-0.377436,0
1.8000,3.0000,0.3000,-0.427441,0.084555,0.101241,-0.427441,0
1.8000,3.0000,0.3500,-0.387725,0.084558,0.100310,-0.387725,0
1.8000,3.0000,0.4000,-0.388313,0.084562,0.241188,-0.388313,0
1.8000,3.0000,0.4500,-0.349093,0.084565,0.040496,-0.349093,0
2.0000,1.0000,0.0000,1.000000,0.167431,-0.735624,-0.735624,0
2.0000,1.0000,0.0500,1.000000,0.084448,-0.809030,-0.809030,0
2.0000,1.0000,0.1000,1.000000,0.084437,-0.749570,-0.749570,0
2.0000,1.0000,0.1500,1.000000,0.084429,-0.559216,-0.559216,0
2.0000,1.0000,0.2000,1.000000,0.084423,-0.958532,-0.958532,0
2.0000,1.0000,0.2500,1.000000,0.084418,-0.517949,-0.517949,0
2.0000,1.0000,0.3000,1.000000,0.084414,0.299822,0.084414,1
2.0000,1.0000,0.3500,1.000000,0.084410,0.147715,0.084410,1
2.0000,1.0000,0.4000,1.000000,0.084407,-0.349979,-0.349979,0
2.0000,1.0000,0.4500,1.000000,0.084404,0.099909,0.084404,1
2.0000,1.2500,0.0000,1.000000,0.084436,-0.227276,-0.227276,0
2.0000,1.2500,0.0500,1.000000,0.084430,-0.141767,-0.141767,0
2.0000,1.2500,0.1000,1.000000,0.084424,-0.187108,-0.187108,0
2.0000,1.2500,0.1500,1.000000,0.084419,0.338938,0.084419,1
2.0000,1.2500,0.2000,1.000000,0.084415,0.206507,0.084415,1
2.0000,1.2500,0.2500,1.000000,0.084412,0.294057,0.084412,1
2.0000,1.2500,0.3000,1.000000,0.084409,0.260467,0.084409,1
2.0000,1.2500,0.3500,1.000000,0.084406,0.266930,0.084406,1
2.0000,1.2500,0.4000,1.000000,0.084403,0.157632,0.084403,1
2.0000,1.2500,0.4500,0.438050,0.084401,0.107768,0.084401,1
2.0000,1.5000,0.0000,1.000000,0.084426,-0.123353,-0.123353,0
2.0000,1.5000,0.0500,1.000000,0.084421,0.344951,0.084421,1
2.0000,1.5000,0.1000,1.000000,0.084417,0.329881,0.084417,1
2.0000,1.5000,0.1500,1.000000,0.084414,0.266349,0.084414,1
2.0000,1.5000,0.2000,1.000000,0.084411,0.312965,0.084411,1
2.0000,1.5000,0.2500,1.000000,0.084408,0.180107,0.084408,1
2.0000,1.5000,0.3000,1.000000,0.084405,0.149902,0.084405,1
2.0000,1.5000,0.3500,0.741652,0.084403,0.184878,0.084403,1
2.0000,1.5000,0.4000,0.433736,0.084401,0.190323,0.084401,1
2.0000,1.5000,0.4500,-0.057193,0.084399,0.113936,-0.057193,0
2.0000,1.7500,0.0000,1.000000,0.084419,0.320260,0.084419,1
2.0000,1.7500,0.0500,1.000000,0.084416,0.266011,0.084416,1
2.0000,1.7500,0.1000,1.000000,0.084413,0.211240,0.084413,1
2.0000,1.7500,0.1500,1.000000,0.084410,0.221031,0.084410,1
2.0000,1.7500,0.2000,1.000000,0.084407,0.315305,0.084407,1
2.0000,1.7500,0.2500,0.774722,0.084405,0.112432,0.084405,1
2.0000,1.7500,0.3000,0.433643,0.084403,0.082682,0.082682,1
2.0000,1.7500,0.3500,0.133934,0.084401,0.206763,0.084401,1
2.0000,1.7500,0.4000,-0.100952,0.084399,0.079273,-0.100952,0
2.0000,1.7500,0.4500,-0.450213,0.084398,0.072097,-0.450213,0
2.0000,2.0000,0.0000,1.000000,0.084415,0.332759,0.084415,1
2.0000,2.0000,0.0500,1.000000,0.084412,0.224341,0.084412,1
2.0000,2.0000,0.1000,1.000000,0.084410,0.293781,0.084410,1
2.0000,2.0000,0.1500,0.793394,0.084407,0.232238,0.084407,1
2.0000,2.0000,0.2000,0.436832,0.084405,0.235000,0.084405,1
2.0000,2.0000,0.2500,0.203161,0.084403,0.209792,0.084403,1
2.0000,2.0000,0.3000,-0.042563,0.084401,0.073930,-0.042563,0
2.0000,2.0000,0.3500,-0.371618,0.084400,0.069411,-0.371618,0
2.0000,2.0000,0.4000,-0.376738,0.084398,0.125478,-0.376738,0
2.0000,2.0000,0.4500,-0.371268,0.084397,0.100189,-0.371268,0
2.0000,2.2500,0.0000,1.000000,0.084412,0.198287,0.084412,1
2.0000,2.2500,0.0500,0.803920,0.084410,0.153180,0.084410,1
2.0000,2.2500,0.1000,0.327174,0.084407,0.226529,0.084407,1
2.0000,2.2500,0.1500,0.283689,0.084405,0.316923,0.084405,1
2.0000,2.2500,0.2000,0.117584,0.084403,0.185859,0.084403,1
2.0000,2.2500,0.2500,-0.168114,0.084402,0.224802,-0.168114,0
2.0000,2.2500,0.3000,-0.346342,0.084400,0.140556,-0.346342,0
2.0000,2.2500,0.3500,-0.391358,0.084399,0.107548,-0.391358,0
2.0000,2.2500,0.4000,-0.377102,0.084397,0.168415,-0.377102,0
2.0000,2.2500,0.4500,-0.416994,0.084396,0.131033,-0.416994,0
2.0000,2.5000,0.0000,0.539532,0.084410,0.305961,0.084410,1
2.0000,2.5000,0.0500,0.309385,0.084408,0.205825,0.084408,1
2.0000,2.5000,0.1000,0.102266,0.084406,0.224298,0.084406,1
2.0000,2.5000,0.1500,-0.003952,0.084404,0.180715,-0.003952,0
2.0000,2.5000,0.2000,-0.341631,0.084402,0.161089,-0.341631,0
2.0000,2.5000,0.2500,-0.320805,0.084401,0.215044,-0.320805,0
2.0000,2.5000,0.3000,-0.354467,0.084399,0.236510,-0.354467,0
2.0000,2.5000,0.3500,-0.387571,0.084398,0.155935,-0.387571,0
2.0000,2.5000,0.4000,-0.404123,0.084397,0.205049,-0.404123,0
2.0000,2.5000,0.4500,-0.429624,0.084395,0.007348,-0.429624,0
2.0000,2.7500,0.0000,0.328081,0.084408,0.169629,0.084408,1
2.0000,2.7500,0.0500,0.061673,0.084406,0.277095,0.061673,1
2.0000,2.7500,0.1000,-0.065842,0.084404,0.232388,-0.065842,0
2.0000,2.7500,0.1500,-0.341852,0.084403,0.214748,-0.341852,0
2.0000,2.7500,0.2000,-0.400345,0.084401,0.126681,-0.400345,0
2.0000,2.7500,0.2500,-0.331272,0.084400,0.170615,-0.331272,0
2.0000,2.7500,0.3000,-0.348959,0.084398,0.145066,-0.348959,0
2.0000,2.7500,0.3500,-0.378292,0.084397,0.185837,-0.378292,0
2.0000,2.7500,0.4000,-0.486665,0.084396,0.235094,-0.486665,0
2.0000,2.7500,0.4500,-0.450453,0.084395,0.047760,-0.450453,0
2.0000,3.0000,0.0000,-0.010640,0.084406,0.234590,-0.010640,0
2.0000,3.0000,0.0500,-0.179542,0.084405,0.191871,-0.179542,0
2.0000,3.0000,0.1000,-0.361459,0.084403,0.232568,-0.361459,0
2.0000,3.0000,0.1500,-0.390608,0.084402,0.155683,-0.390608,0
2.0000,3.0000,0.2000,-0.334119,0.084400,0.157872,-0.334119,0
2.0000,3.0000,0.2500,-0.371422,0.084399,0.215321,-0.371422,0
2.0000,3.0000,0.3000,-0.378616,0.084398,0.101381,-0.378616,0
2.0000,3.0000,0.3500,-0.365491,0.084397,0.102364,-0.365491,0
2.0000,3.0000,0.4000,-0.354727,0.084396,0.270972,-0.354727,0
2.0000,3.0000,0.4500,-0.307945,0.084394,0.055741,-0.307945,0
